{"cameraMode":{"drawMode":0,"name":"Shaded","section":"Shading Mode"},"sceneLighting":false,"audioPlay":false,"sceneViewState":{"m_AlwaysRefresh":false,"showFog":true,"showSkybox":false,"showFlares":true,"showImageEffects":true,"showParticleSystems":true,"showVisualEffectGraphs":true,"m_FxEnabled":true},"in2DMode":false,"pivot":{"x":-5.898101329803467,"y":1.2604057788848878,"z":-0.35357412695884707},"rotation":{"x":0.5735304355621338,"y":0.11095505952835083,"z":-0.07877686619758606,"w":0.8078027963638306},"size":0.6322571635246277,"orthographic":false}