{"cameraMode":{"drawMode":0,"name":"Shaded","section":"Shading Mode"},"sceneLighting":false,"audioPlay":false,"sceneViewState":{"m_AlwaysRefresh":false,"showFog":true,"showSkybox":false,"showFlares":true,"showImageEffects":true,"showParticleSystems":true,"showVisualEffectGraphs":true,"m_FxEnabled":true},"in2DMode":false,"pivot":{"x":1.8119280338287354,"y":3.2533059120178224,"z":-0.41912031173706057},"rotation":{"x":0.10594251751899719,"y":-0.08134307712316513,"z":0.008695964701473713,"w":0.9910011887550354},"size":9.576047897338868,"orthographic":false}