{"cameraMode":{"drawMode":0,"name":"Shaded","section":"Shading Mode"},"sceneLighting":false,"audioPlay":false,"sceneViewState":{"m_AlwaysRefresh":false,"showFog":true,"showSkybox":false,"showFlares":true,"showImageEffects":true,"showParticleSystems":true,"showVisualEffectGraphs":true,"m_FxEnabled":true},"in2DMode":false,"pivot":{"x":-0.12399005889892578,"y":1.2403807640075684,"z":6.519061088562012},"rotation":{"x":-0.23975926637649537,"y":0.3335295021533966,"z":-0.08812110871076584,"w":-0.9074850082397461},"size":3.4960639476776125,"orthographic":false}