{"cameraMode":{"drawMode":0,"name":"Shaded","section":"Shading Mode"},"sceneLighting":true,"audioPlay":false,"sceneViewState":{"m_AlwaysRefresh":false,"showFog":true,"showSkybox":true,"showFlares":true,"showImageEffects":true,"showParticleSystems":true,"showVisualEffectGraphs":true,"m_FxEnabled":true},"in2DMode":false,"pivot":{"x":43.423011779785159,"y":-10.819316864013672,"z":-16.66919708251953},"rotation":{"x":0.25560298562049868,"y":-0.37986427545547488,"z":0.11007458716630936,"w":0.882188081741333},"size":26.867046356201173,"orthographic":false}