{"cameraMode":{"drawMode":0,"name":"Shaded","section":"Shading Mode"},"sceneLighting":false,"audioPlay":false,"sceneViewState":{"m_AlwaysRefresh":false,"showFog":true,"showSkybox":false,"showFlares":true,"showImageEffects":true,"showParticleSystems":true,"showVisualEffectGraphs":true,"m_FxEnabled":true},"in2DMode":false,"pivot":{"x":5.7075419425964359,"y":1.017490267753601,"z":39.220333099365237},"rotation":{"x":0.07121501117944718,"y":0.36185741424560549,"z":-0.027736235409975053,"w":0.9290961623191834},"size":5.8408379554748539,"orthographic":false}